{
 "hyde": [
  {
   "label": "granite/sem_adjacent_g0.12/hyde",
   "backend": "granite",
   "variant": "sem_adjacent_g0.12",
   "mode": "dense",
   "n_chunks": 689,
   "recall@1": 0.4850374162197113,
   "recall@1_ci": [
    0.45012468099594116,
    0.5199501514434814
   ],
   "recall@3": 0.6683291792869568,
   "recall@5": 0.7331671118736267,
   "recall@5_ci": [
    0.7019950151443481,
    0.7631234526634216
   ],
   "recall@10": 0.8192020058631897,
   "mrr@10": 0.6000976668413563,
   "answer@256tok": 0.6483790278434753,
   "answer@256tok_ci": [
    0.6159601211547852,
    0.678335428237915
   ],
   "answer@1024tok": 0.7967581152915955,
   "answer@1024tok_ci": [
    0.7693266868591309,
    0.8266832828521729
   ],
   "recall@5_misspelled": 0.9333333333333333,
   "recall@5_dumb": 0.6689655172413793,
   "recall@5_normal": 0.7429906542056075,
   "ood_auc": 0.951799605463952,
   "eer": 0.07970124440143424
  },
  {
   "label": "granite/structure_1024/hyde",
   "backend": "granite",
   "variant": "structure_1024",
   "mode": "dense",
   "n_chunks": 381,
   "recall@1": 0.561097264289856,
   "recall@1_ci": [
    0.528678297996521,
    0.5935474038124084
   ],
   "recall@3": 0.7406483888626099,
   "recall@5": 0.8079800605773926,
   "recall@5_ci": [
    0.7793017625808716,
    0.8341957926750183
   ],
   "recall@10": 0.8690773248672485,
   "mrr@10": 0.6689192298443123,
   "answer@256tok": 0.66209477186203,
   "answer@256tok_ci": [
    0.6271820664405823,
    0.6970074772834778
   ],
   "answer@1024tok": 0.7980049848556519,
   "answer@1024tok_ci": [
    0.7692955136299133,
    0.8254364132881165
   ],
   "recall@5_misspelled": 0.8,
   "recall@5_dumb": 0.7448275862068966,
   "recall@5_normal": 0.822429906542056,
   "ood_auc": 0.9522214364586047,
   "eer": 0.09962655550179278
  },
  {
   "label": "granite/mech_256/hyde",
   "backend": "granite",
   "variant": "mech_256",
   "mode": "dense",
   "n_chunks": 365,
   "recall@1": 0.46259352564811707,
   "recall@1_ci": [
    0.4276807904243469,
    0.4962593615055084
   ],
   "recall@3": 0.6508728265762329,
   "recall@5": 0.7244389057159424,
   "recall@5_ci": [
    0.6932668089866638,
    0.7556109428405762
   ],
   "recall@10": 0.8079800605773926,
   "mrr@10": 0.5808616933999173,
   "answer@256tok": 0.5673316717147827,
   "answer@256tok_ci": [
    0.5311720967292786,
    0.5997506380081177
   ],
   "answer@1024tok": 0.7182044982910156,
   "answer@1024tok_ci": [
    0.6870012283325195,
    0.7506234645843506
   ],
   "recall@5_misspelled": 0.7333333333333333,
   "recall@5_dumb": 0.696551724137931,
   "recall@5_normal": 0.7305295950155763,
   "ood_auc": 0.9482636691852458,
   "eer": 0.09464522772670314
  },
  {
   "label": "granite/per_sentence/hyde",
   "backend": "granite",
   "variant": "per_sentence",
   "mode": "dense",
   "n_chunks": 2112,
   "recall@1": 0.4289276897907257,
   "recall@1_ci": [
    0.39526185393333435,
    0.46259352564811707
   ],
   "recall@3": 0.6084787845611572,
   "recall@5": 0.6720698475837708,
   "recall@5_ci": [
    0.6396508812904358,
    0.7032418847084045
   ],
   "recall@10": 0.748129665851593,
   "mrr@10": 0.5376383944721795,
   "answer@256tok": 0.6832917928695679,
   "answer@256tok_ci": [
    0.6496259570121765,
    0.7144638299942017
   ],
   "answer@1024tok": 0.8104737997055054,
   "answer@1024tok_ci": [
    0.7817955017089844,
    0.83790522813797
   ],
   "recall@5_misspelled": 0.7333333333333333,
   "recall@5_dumb": 0.5655172413793104,
   "recall@5_normal": 0.6947040498442367,
   "ood_auc": 0.9640637212937805,
   "eer": 0.06849170605823751
  }
 ]
}