{
 "contextual": [
  {
   "label": "granite/ctx_sem_adjacent_g0.12/dense",
   "backend": "granite",
   "variant": "ctx_sem_adjacent_g0.12",
   "mode": "dense",
   "n_chunks": 689,
   "recall@1": 0.503740668296814,
   "recall@1_ci": [
    0.4700748026371002,
    0.5374065041542053
   ],
   "recall@3": 0.7182044982910156,
   "recall@5": 0.8004987239837646,
   "recall@5_ci": [
    0.7730673551559448,
    0.8266832828521729
   ],
   "recall@10": 0.8728179335594177,
   "mrr@10": 0.632670735101664,
   "answer@256tok": 0.7082294225692749,
   "answer@256tok_ci": [
    0.674532413482666,
    0.7369077205657959
   ],
   "answer@1024tok": 0.8553615808486938,
   "answer@1024tok_ci": [
    0.8304239511489868,
    0.8802992701530457
   ],
   "recall@5_misspelled": 0.7333333333333333,
   "recall@5_dumb": 0.6275862068965518,
   "recall@5_normal": 0.8411214953271028,
   "ood_auc": 0.9575439510676046,
   "eer": 0.11955186660215134
  },
  {
   "label": "granite/ctx_mech_256/dense",
   "backend": "granite",
   "variant": "ctx_mech_256",
   "mode": "dense",
   "n_chunks": 365,
   "recall@1": 0.4289276897907257,
   "recall@1_ci": [
    0.39401495456695557,
    0.4613778293132782
   ],
   "recall@3": 0.6745635867118835,
   "recall@5": 0.7568578720092773,
   "recall@5_ci": [
    0.7294264435768127,
    0.7867830395698547
   ],
   "recall@10": 0.83790522813797,
   "mrr@10": 0.5739535707070844,
   "answer@256tok": 0.5735660791397095,
   "answer@256tok_ci": [
    0.5399002432823181,
    0.604738175868988
   ],
   "answer@1024tok": 0.7531172037124634,
   "answer@1024tok_ci": [
    0.7231608629226685,
    0.7818266749382019
   ],
   "recall@5_misspelled": 0.6666666666666666,
   "recall@5_dumb": 0.6275862068965518,
   "recall@5_normal": 0.7881619937694704,
   "ood_auc": 0.9540266249798389,
   "eer": 0.11955186660215134
  }
 ]
}