{
 "group": "qwen_core",
 "results": [
  {
   "label": "qwen06b/per_sentence/dense",
   "backend": "qwen06b",
   "variant": "per_sentence",
   "mode": "dense",
   "n_chunks": 2112,
   "recall@1": 0.4326683282852173,
   "recall@1_ci": [
    0.4027431309223175,
    0.4688279330730438
   ],
   "recall@3": 0.6072319149971008,
   "recall@5": 0.6720698475837708,
   "recall@5_ci": [
    0.6408977508544922,
    0.7044887542724609
   ],
   "recall@10": 0.7394015192985535,
   "mrr@10": 0.5401686615091973,
   "answer@256tok": 0.6970074772834778,
   "answer@256tok_ci": [
    0.665835440158844,
    0.7294264435768127
   ],
   "answer@1024tok": 0.8204488754272461,
   "answer@1024tok_ci": [
    0.7930174469947815,
    0.8466334342956543
   ],
   "recall@5_misspelled": 0.5333333333333333,
   "recall@5_dumb": 0.4896551724137931,
   "recall@5_normal": 0.7165109034267912,
   "ood_auc": 0.9641071450726417,
   "eer": 0.09962655550179278
  },
  {
   "label": "qwen06b/sem_adjacent_g0.12/dense",
   "backend": "qwen06b",
   "variant": "sem_adjacent_g0.12",
   "mode": "dense",
   "n_chunks": 480,
   "recall@1": 0.40897756814956665,
   "recall@1_ci": [
    0.3740648329257965,
    0.442643404006958
   ],
   "recall@3": 0.6097257137298584,
   "recall@5": 0.6870324015617371,
   "recall@5_ci": [
    0.6558603644371033,
    0.719451367855072
   ],
   "recall@10": 0.776807963848114,
   "mrr@10": 0.5353048366905429,
   "answer@256tok": 0.5748129487037659,
   "answer@256tok_ci": [
    0.5423628687858582,
    0.6059850454330444
   ],
   "answer@1024tok": 0.7256857752799988,
   "answer@1024tok_ci": [
    0.694513738155365,
    0.7568578720092773
   ],
   "recall@5_misspelled": 0.7333333333333333,
   "recall@5_dumb": 0.503448275862069,
   "recall@5_normal": 0.7274143302180686,
   "ood_auc": 0.9442810883239662,
   "eer": 0.13449584992742028
  },
  {
   "label": "qwen06b/structure_1024/dense",
   "backend": "qwen06b",
   "variant": "structure_1024",
   "mode": "dense",
   "n_chunks": 381,
   "recall@1": 0.45261844992637634,
   "recall@1_ci": [
    0.418952614068985,
    0.4863154888153076
   ],
   "recall@3": 0.6346633434295654,
   "recall@5": 0.6995012760162354,
   "recall@5_ci": [
    0.6670823097229004,
    0.7294264435768127
   ],
   "recall@10": 0.776807963848114,
   "mrr@10": 0.5644379703295623,
   "answer@256tok": 0.6059850454330444,
   "answer@256tok_ci": [
    0.5685785412788391,
    0.6396508812904358
   ],
   "answer@1024tok": 0.7319201827049255,
   "answer@1024tok_ci": [
    0.7019950151443481,
    0.7606297135353088
   ],
   "recall@5_misspelled": 0.5333333333333333,
   "recall@5_dumb": 0.5379310344827586,
   "recall@5_normal": 0.7398753894080997,
   "ood_auc": 0.9428543070185234,
   "eer": 0.13449584992742028
  },
  {
   "label": "qwen06b/mech_256/dense",
   "backend": "qwen06b",
   "variant": "mech_256",
   "mode": "dense",
   "n_chunks": 365,
   "recall@1": 0.43765586614608765,
   "recall@1_ci": [
    0.40520572662353516,
    0.4725685715675354
   ],
   "recall@3": 0.6558603644371033,
   "recall@5": 0.7182044982910156,
   "recall@5_ci": [
    0.6894950270652771,
    0.751870334148407
   ],
   "recall@10": 0.8316708207130432,
   "mrr@10": 0.568546971745003,
   "answer@256tok": 0.5685785412788391,
   "answer@256tok_ci": [
    0.5299251675605774,
    0.6034912467002869
   ],
   "answer@1024tok": 0.7182044982910156,
   "answer@1024tok_ci": [
    0.6870324015617371,
    0.748129665851593
   ],
   "recall@5_misspelled": 0.6666666666666666,
   "recall@5_dumb": 0.5655172413793104,
   "recall@5_normal": 0.7538940809968847,
   "ood_auc": 0.9491879753352936,
   "eer": 0.13823029490949246
  },
  {
   "label": "qwen06b/mech_512/dense",
   "backend": "qwen06b",
   "variant": "mech_512",
   "mode": "dense",
   "n_chunks": 177,
   "recall@1": 0.4551122188568115,
   "recall@1_ci": [
    0.418952614068985,
    0.49127182364463806
   ],
   "recall@3": 0.6496259570121765,
   "recall@5": 0.7269326448440552,
   "recall@5_ci": [
    0.6957606077194214,
    0.7568578720092773
   ],
   "recall@10": 0.8229426145553589,
   "mrr@10": 0.5781943915469534,
   "answer@256tok": 0.4551122188568115,
   "answer@256tok_ci": [
    0.42019951343536377,
    0.4900249242782593
   ],
   "answer@1024tok": 0.6458852887153625,
   "answer@1024tok_ci": [
    0.6084787845611572,
    0.6770573854446411
   ],
   "recall@5_misspelled": 0.6,
   "recall@5_dumb": 0.6137931034482759,
   "recall@5_normal": 0.7554517133956387,
   "ood_auc": 0.9373953176759594,
   "eer": 0.1394771777025099
  },
  {
   "label": "qwen06b/mech_1024/dense",
   "backend": "qwen06b",
   "variant": "mech_1024",
   "mode": "dense",
   "n_chunks": 89,
   "recall@1": 0.3204488754272461,
   "recall@1_ci": [
    0.2905236780643463,
    0.35660848021507263
   ],
   "recall@3": 0.5236907601356506,
   "recall@5": 0.6122194528579712,
   "recall@5_ci": [
    0.5810161828994751,
    0.647132158279419
   ],
   "recall@10": 0.7294264435768127,
   "mrr@10": 0.4584946307055886,
   "answer@256tok": 0.3204488754272461,
   "answer@256tok_ci": [
    0.28678303956985474,
    0.35289904475212097
   ],
   "answer@1024tok": 0.4451371431350708,
   "answer@1024tok_ci": [
    0.40897756814956665,
    0.48129674792289734
   ],
   "recall@5_misspelled": 0.5333333333333333,
   "recall@5_dumb": 0.4,
   "recall@5_normal": 0.661993769470405,
   "ood_auc": 0.9112293892135334,
   "eer": 0.18929045545340628
  },
  {
   "label": "qwen06b/mech_1500/dense",
   "backend": "qwen06b",
   "variant": "mech_1500",
   "mode": "dense",
   "n_chunks": 59,
   "recall@1": 0.3079800605773926,
   "recall@1_ci": [
    0.2743142247200012,
    0.33790522813796997
   ],
   "recall@3": 0.528678297996521,
   "recall@5": 0.6122194528579712,
   "recall@5_ci": [
    0.5798004865646362,
    0.647132158279419
   ],
   "recall@10": 0.7605984807014465,
   "mrr@10": 0.4562671117162474,
   "answer@256tok": 0.3079800605773926,
   "answer@256tok_ci": [
    0.2755610942840576,
    0.34289276599884033
   ],
   "answer@1024tok": 0.3079800605773926,
   "answer@1024tok_ci": [
    0.2768079936504364,
    0.34289276599884033
   ],
   "recall@5_misspelled": 0.4,
   "recall@5_dumb": 0.41379310344827586,
   "recall@5_normal": 0.661993769470405,
   "ood_auc": 0.8940521829753973,
   "eer": 0.19925311100358556
  },
  {
   "label": "qwen06b/overlap_1024/dense",
   "backend": "qwen06b",
   "variant": "overlap_1024",
   "mode": "dense",
   "n_chunks": 89,
   "recall@1": 0.34164589643478394,
   "recall@1_ci": [
    0.31047382950782776,
    0.37905237078666687
   ],
   "recall@3": 0.5374065041542053,
   "recall@5": 0.6346633434295654,
   "recall@5_ci": [
    0.6009975075721741,
    0.6683291792869568
   ],
   "recall@10": 0.7556109428405762,
   "mrr@10": 0.47888492555729806,
   "answer@256tok": 0.34164589643478394,
   "answer@256tok_ci": [
    0.309226930141449,
    0.3765586018562317
   ],
   "answer@1024tok": 0.4688279330730438,
   "answer@1024tok_ci": [
    0.43513092398643494,
    0.5049875378608704
   ],
   "recall@5_misspelled": 0.6,
   "recall@5_dumb": 0.4206896551724138,
   "recall@5_normal": 0.6838006230529595,
   "ood_auc": 0.9158633267577325,
   "eer": 0.17870435850671829
  }
 ]
}