{
 "group": "core",
 "results": [
  {
   "label": "granite/per_sentence/dense",
   "backend": "granite",
   "variant": "per_sentence",
   "mode": "dense",
   "n_chunks": 2112,
   "recall@1": 0.5473815202713013,
   "recall@1_ci": [
    0.5124688148498535,
    0.5822942852973938
   ],
   "recall@3": 0.7281795740127563,
   "recall@5": 0.7942643165588379,
   "recall@5_ci": [
    0.7643391489982605,
    0.8216957449913025
   ],
   "recall@10": 0.8403990268707275,
   "mrr@10": 0.6569784201747412,
   "answer@256tok": 0.805486261844635,
   "answer@256tok_ci": [
    0.7780548334121704,
    0.834164559841156
   ],
   "answer@1024tok": 0.8915212154388428,
   "answer@1024tok_ci": [
    0.8715398907661438,
    0.9127181768417358
   ],
   "recall@5_misspelled": 0.8,
   "recall@5_dumb": 0.5310344827586206,
   "recall@5_normal": 0.8535825545171339,
   "ood_auc": 0.9721095271770822,
   "eer": 0.08966389995161347
  },
  {
   "label": "granite/sem_adjacent_g0.12/dense",
   "backend": "granite",
   "variant": "sem_adjacent_g0.12",
   "mode": "dense",
   "n_chunks": 689,
   "recall@1": 0.5149626135826111,
   "recall@1_ci": [
    0.48004987835884094,
    0.5511221885681152
   ],
   "recall@3": 0.7032418847084045,
   "recall@5": 0.7917705774307251,
   "recall@5_ci": [
    0.7630922794342041,
    0.8192020058631897
   ],
   "recall@10": 0.8640897870063782,
   "mrr@10": 0.6342202793702757,
   "answer@256tok": 0.7057356834411621,
   "answer@256tok_ci": [
    0.6745635867118835,
    0.7356608510017395
   ],
   "answer@1024tok": 0.8416458964347839,
   "answer@1024tok_ci": [
    0.8167082071304321,
    0.866583526134491
   ],
   "recall@5_misspelled": 0.8666666666666667,
   "recall@5_dumb": 0.6206896551724138,
   "recall@5_normal": 0.8286604361370716,
   "ood_auc": 0.9636915174749693,
   "eer": 0.09962655550179278
  },
  {
   "label": "granite/structure_1024/dense",
   "backend": "granite",
   "variant": "structure_1024",
   "mode": "dense",
   "n_chunks": 381,
   "recall@1": 0.5361595749855042,
   "recall@1_ci": [
    0.5012468695640564,
    0.5710723400115967
   ],
   "recall@3": 0.7331671118736267,
   "recall@5": 0.809226930141449,
   "recall@5_ci": [
    0.7830423712730408,
    0.8366895318031311
   ],
   "recall@10": 0.8840398788452148,
   "mrr@10": 0.6543410188085376,
   "answer@256tok": 0.6433915495872498,
   "answer@256tok_ci": [
    0.6072319149971008,
    0.6783042550086975
   ],
   "answer@1024tok": 0.7967581152915955,
   "answer@1024tok_ci": [
    0.7705423831939697,
    0.8241895437240601
   ],
   "recall@5_misspelled": 0.8,
   "recall@5_dumb": 0.6413793103448275,
   "recall@5_normal": 0.8473520249221184,
   "ood_auc": 0.9589024950062655,
   "eer": 0.11457053882706168
  },
  {
   "label": "granite/mech_256/dense",
   "backend": "granite",
   "variant": "mech_256",
   "mode": "dense",
   "n_chunks": 365,
   "recall@1": 0.4613466262817383,
   "recall@1_ci": [
    0.42518702149391174,
    0.4962593615055084
   ],
   "recall@3": 0.6770573854446411,
   "recall@5": 0.7506234645843506,
   "recall@5_ci": [
    0.7194201946258545,
    0.7818266749382019
   ],
   "recall@10": 0.8229426145553589,
   "mrr@10": 0.5896725972633912,
   "answer@256tok": 0.589775562286377,
   "answer@256tok_ci": [
    0.5561097264289856,
    0.620978832244873
   ],
   "answer@1024tok": 0.7456359267234802,
   "answer@1024tok_ci": [
    0.7157106995582581,
    0.7755922675132751
   ],
   "recall@5_misspelled": 0.5333333333333333,
   "recall@5_dumb": 0.6344827586206897,
   "recall@5_normal": 0.7819314641744548,
   "ood_auc": 0.9586977829059192,
   "eer": 0.10398444188037372
  },
  {
   "label": "granite/mech_512/dense",
   "backend": "granite",
   "variant": "mech_512",
   "mode": "dense",
   "n_chunks": 177,
   "recall@1": 0.4139650762081146,
   "recall@1_ci": [
    0.38154613971710205,
    0.45137158036231995
   ],
   "recall@3": 0.647132158279419,
   "recall@5": 0.723192036151886,
   "recall@5_ci": [
    0.690773069858551,
    0.7531172037124634
   ],
   "recall@10": 0.8179551362991333,
   "mrr@10": 0.5547640588615269,
   "answer@256tok": 0.4152119755744934,
   "answer@256tok_ci": [
    0.38154613971710205,
    0.4489090144634247
   ],
   "answer@1024tok": 0.6408977508544922,
   "answer@1024tok_ci": [
    0.6072319149971008,
    0.6733167171478271
   ],
   "recall@5_misspelled": 0.3333333333333333,
   "recall@5_dumb": 0.5862068965517241,
   "recall@5_normal": 0.7632398753894081,
   "ood_auc": 0.9483070929641071,
   "eer": 0.11955186660215134
  },
  {
   "label": "granite/mech_1024/dense",
   "backend": "granite",
   "variant": "mech_1024",
   "mode": "dense",
   "n_chunks": 89,
   "recall@1": 0.4164588451385498,
   "recall@1_ci": [
    0.38279300928115845,
    0.4501558840274811
   ],
   "recall@3": 0.6608479022979736,
   "recall@5": 0.7506234645843506,
   "recall@5_ci": [
    0.719451367855072,
    0.7817955017089844
   ],
   "recall@10": 0.8715710639953613,
   "mrr@10": 0.5664468569453074,
   "answer@256tok": 0.4164588451385498,
   "answer@256tok_ci": [
    0.3827618360519409,
    0.45137158036231995
   ],
   "answer@1024tok": 0.5536159873008728,
   "answer@1024tok_ci": [
    0.5211970210075378,
    0.5885286927223206
   ],
   "recall@5_misspelled": 0.5333333333333333,
   "recall@5_dumb": 0.6,
   "recall@5_normal": 0.7897196261682243,
   "ood_auc": 0.9411731864368929,
   "eer": 0.1332489671344028
  },
  {
   "label": "granite/mech_1500/dense",
   "backend": "granite",
   "variant": "mech_1500",
   "mode": "dense",
   "n_chunks": 59,
   "recall@1": 0.4027431309223175,
   "recall@1_ci": [
    0.36783042550086975,
    0.43516209721565247
   ],
   "recall@3": 0.6408977508544922,
   "recall@5": 0.7406483888626099,
   "recall@5_ci": [
    0.7107232213020325,
    0.7718204259872437
   ],
   "recall@10": 0.8802992701530457,
   "mrr@10": 0.556029468916982,
   "answer@256tok": 0.4027431309223175,
   "answer@256tok_ci": [
    0.3702930212020874,
    0.4401496350765228
   ],
   "answer@1024tok": 0.4027431309223175,
   "answer@1024tok_ci": [
    0.3702930212020874,
    0.4339151978492737
   ],
   "recall@5_misspelled": 0.8,
   "recall@5_dumb": 0.6689655172413793,
   "recall@5_normal": 0.7554517133956387,
   "ood_auc": 0.9318680909666133,
   "eer": 0.1500632746491979
  },
  {
   "label": "granite/overlap_1024/dense",
   "backend": "granite",
   "variant": "overlap_1024",
   "mode": "dense",
   "n_chunks": 89,
   "recall@1": 0.418952614068985,
   "recall@1_ci": [
    0.38528677821159363,
    0.4551122188568115
   ],
   "recall@3": 0.6670823097229004,
   "recall@5": 0.7630922794342041,
   "recall@5_ci": [
    0.7306421399116516,
    0.7905237078666687
   ],
   "recall@10": 0.8865336775779724,
   "mrr@10": 0.5749399720411607,
   "answer@256tok": 0.418952614068985,
   "answer@256tok_ci": [
    0.3865336775779724,
    0.4551122188568115
   ],
   "answer@1024tok": 0.5735660791397095,
   "answer@1024tok_ci": [
    0.5386533737182617,
    0.6072630882263184
   ],
   "recall@5_misspelled": 0.6666666666666666,
   "recall@5_dumb": 0.6413793103448275,
   "recall@5_normal": 0.7928348909657321,
   "ood_auc": 0.9433381719829779,
   "eer": 0.1338724085309115
  }
 ]
}