{
 "variant": "semadj_g0.4341",
 "weights": [
  0.25,
  1.0,
  2.0,
  4.0
 ],
 "floors": {
  "0": 1.7186156658821214e-06,
  "50": 3.8444922101844283,
  "75": 4.9007659769426795,
  "90": 6.50976106689995
 },
 "exact": {
  "dense": {
   "n": 134,
   "recall@1": 0.47761194029850745,
   "recall@5": 0.753731343283582
  },
  "hybrid_w0.25": {
   "n": 134,
   "recall@1": 0.5373134328358209,
   "recall@5": 0.8208955223880597
  },
  "hybrid_w1.0": {
   "n": 134,
   "recall@1": 0.5895522388059702,
   "recall@5": 0.8507462686567164
  },
  "hybrid_w2.0": {
   "n": 134,
   "recall@1": 0.7313432835820896,
   "recall@5": 0.8955223880597015
  },
  "hybrid_w4.0": {
   "n": 134,
   "recall@1": 0.7388059701492538,
   "recall@5": 0.9477611940298507
  },
  "gated_p0": {
   "n": 134,
   "recall@1": 0.5895522388059702,
   "recall@5": 0.8507462686567164
  },
  "gated_p50": {
   "n": 134,
   "recall@1": 0.5895522388059702,
   "recall@5": 0.8805970149253731
  },
  "gated_p75": {
   "n": 134,
   "recall@1": 0.582089552238806,
   "recall@5": 0.8955223880597015
  },
  "gated_p90": {
   "n": 134,
   "recall@1": 0.582089552238806,
   "recall@5": 0.9328358208955224
  },
  "_floors": {
   "0": 1.7186156658821214e-06,
   "50": 3.8444922101844283,
   "75": 4.9007659769426795,
   "90": 6.50976106689995
  }
 },
 "clean": {
  "dense": {
   "n": 680,
   "recall@1": 0.6455882352941177,
   "recall@5": 0.8941176470588236
  },
  "hybrid_w0.25": {
   "n": 680,
   "recall@1": 0.65,
   "recall@5": 0.9044117647058824
  },
  "hybrid_w1.0": {
   "n": 680,
   "recall@1": 0.6161764705882353,
   "recall@5": 0.8720588235294118
  },
  "hybrid_w2.0": {
   "n": 680,
   "recall@1": 0.5970588235294118,
   "recall@5": 0.8470588235294118
  },
  "hybrid_w4.0": {
   "n": 680,
   "recall@1": 0.5838235294117647,
   "recall@5": 0.8161764705882353
  },
  "gated_p0": {
   "n": 680,
   "recall@1": 0.6161764705882353,
   "recall@5": 0.8720588235294118
  },
  "gated_p50": {
   "n": 680,
   "recall@1": 0.6205882352941177,
   "recall@5": 0.8808823529411764
  },
  "gated_p75": {
   "n": 680,
   "recall@1": 0.6235294117647059,
   "recall@5": 0.8941176470588236
  },
  "gated_p90": {
   "n": 680,
   "recall@1": 0.6264705882352941,
   "recall@5": 0.888235294117647
  },
  "_floors": {
   "0": 1.7186156658821214e-06,
   "50": 3.8444922101844283,
   "75": 4.9007659769426795,
   "90": 6.50976106689995
  }
 }
}