{
 "variant": "semadj_g0.3772",
 "weights": [
  0.25,
  1.0,
  2.0,
  4.0
 ],
 "floors": {
  "0": 1.6905633698475595e-06,
  "50": 3.9729460711459255,
  "75": 4.976490921861241,
  "90": 6.514670887888751
 },
 "exact": {
  "dense": {
   "n": 134,
   "recall@1": 0.5373134328358209,
   "recall@5": 0.7835820895522388
  },
  "hybrid_w0.25": {
   "n": 134,
   "recall@1": 0.6044776119402985,
   "recall@5": 0.8432835820895522
  },
  "hybrid_w1.0": {
   "n": 134,
   "recall@1": 0.6716417910447762,
   "recall@5": 0.8955223880597015
  },
  "hybrid_w2.0": {
   "n": 134,
   "recall@1": 0.753731343283582,
   "recall@5": 0.917910447761194
  },
  "hybrid_w4.0": {
   "n": 134,
   "recall@1": 0.7611940298507462,
   "recall@5": 0.9328358208955224
  },
  "gated_p0": {
   "n": 134,
   "recall@1": 0.6716417910447762,
   "recall@5": 0.8955223880597015
  },
  "gated_p50": {
   "n": 134,
   "recall@1": 0.6716417910447762,
   "recall@5": 0.9029850746268657
  },
  "gated_p75": {
   "n": 134,
   "recall@1": 0.6716417910447762,
   "recall@5": 0.917910447761194
  },
  "gated_p90": {
   "n": 134,
   "recall@1": 0.6791044776119403,
   "recall@5": 0.9402985074626866
  },
  "_floors": {
   "0": 1.6905633698475595e-06,
   "50": 3.9729460711459255,
   "75": 4.976490921861241,
   "90": 6.514670887888751
  }
 },
 "clean": {
  "dense": {
   "n": 680,
   "recall@1": 0.6514705882352941,
   "recall@5": 0.8926470588235295
  },
  "hybrid_w0.25": {
   "n": 680,
   "recall@1": 0.6661764705882353,
   "recall@5": 0.8955882352941177
  },
  "hybrid_w1.0": {
   "n": 680,
   "recall@1": 0.6323529411764706,
   "recall@5": 0.8735294117647059
  },
  "hybrid_w2.0": {
   "n": 680,
   "recall@1": 0.6088235294117647,
   "recall@5": 0.8455882352941176
  },
  "hybrid_w4.0": {
   "n": 680,
   "recall@1": 0.5985294117647059,
   "recall@5": 0.8205882352941176
  },
  "gated_p0": {
   "n": 680,
   "recall@1": 0.6323529411764706,
   "recall@5": 0.8735294117647059
  },
  "gated_p50": {
   "n": 680,
   "recall@1": 0.6352941176470588,
   "recall@5": 0.8735294117647059
  },
  "gated_p75": {
   "n": 680,
   "recall@1": 0.6352941176470588,
   "recall@5": 0.8808823529411764
  },
  "gated_p90": {
   "n": 680,
   "recall@1": 0.6455882352941177,
   "recall@5": 0.8838235294117647
  },
  "_floors": {
   "0": 1.6905633698475595e-06,
   "50": 3.9729460711459255,
   "75": 4.976490921861241,
   "90": 6.514670887888751
  }
 }
}