{
 "config": "granite",
 "model": "granite-embedding-311M-multilingual-r2-Q8_0.gguf",
 "dim": 768,
 "n_sent": 2112,
 "gates": [
  0.0838,
  0.0974,
  0.1124,
  0.1259,
  0.1422,
  0.1606,
  0.1877
 ],
 "variants": {
  "per_sentence": {
   "n_chunks": 2112,
   "tok_mean": 40.13636363636363
  },
  "mech_256": {
   "n_chunks": 365,
   "tok_mean": 232.24109589041095
  },
  "mech_512": {
   "n_chunks": 177,
   "tok_mean": 478.91525423728814
  },
  "mech_1024": {
   "n_chunks": 89,
   "tok_mean": 952.4494382022472
  },
  "mech_1500": {
   "n_chunks": 59,
   "tok_mean": 1436.7457627118645
  },
  "overlap_512": {
   "n_chunks": 177,
   "tok_mean": 487.0734463276836
  },
  "overlap_1024": {
   "n_chunks": 89,
   "tok_mean": 966.4719101123595
  },
  "semadj_g0.0838": {
   "n_chunks": 921,
   "tok_mean": 92.03908794788273,
   "gate": 0.0838
  },
  "semadj_g0.0974": {
   "n_chunks": 834,
   "tok_mean": 101.64028776978417,
   "gate": 0.0974
  },
  "semadj_g0.1124": {
   "n_chunks": 746,
   "tok_mean": 113.63002680965147,
   "gate": 0.1124
  },
  "semadj_g0.1259": {
   "n_chunks": 647,
   "tok_mean": 131.01700154559506,
   "gate": 0.1259
  },
  "semadj_g0.1422": {
   "n_chunks": 532,
   "tok_mean": 159.33834586466165,
   "gate": 0.1422
  },
  "semadj_g0.1606": {
   "n_chunks": 409,
   "tok_mean": 207.25672371638143,
   "gate": 0.1606
  },
  "semadj_g0.1877": {
   "n_chunks": 256,
   "tok_mean": 331.125,
   "gate": 0.1877
  }
 }
}